Workbook

Sheet PFT
A1: APPORTEUR | B1: IDENTIFIANT_POLICE | C1: DATE_SOUSCRIPTION | D1: DATE_EFFET_CONTRAT | E1: DATE_FIN_CONTRAT | F1: NUMERO_AVENANT | G1: MOTIF_AVENANT | H1: DATE_EFFET_AVENANT | I1: DATE_ECHEANCE | J1: ETAT_POLICE | K1: DATE_ETAT_POLICE | L1: MOTIF_ETAT | M1: FRANCTIONNEMENT | N1: SIREN | O1: ADRESSE_RISQUE | P1: VILLE_RISQUE | Q1: CODE_POSTAL_RISQUE | R1: CA_ENTREPRISE | S1: EFFECTIF_ENTREPRISE | T1: CODE_NAF | U1: LIBELLE_ACTIVITE | V1: POID_ACTIVITE | W1: LIBELLE_ACTIVITE | X1: POID_ACTIVITE | Y1: LIBELLE_ACTIVITE | Z1: POID_ACTIVITE | AA1: LIBELLE_ACTIVITE | AB1: POID_ACTIVITE | AC1: LIBELLE_ACTIVITE | AD1: POID_ACTIVITE | AE1: LIBELLE_ACTIVITE | AF1: POID_ACTIVITE | AG1: LIBELLE_ACTIVITE | AH1: POID_ACTIVITE | AI1: LIBELLE_ACTIVITE | AJ1: POID_ACTIVITE
A2: 2518107500 | B2: 2025146RCDFID | C2: 46015 | D2: 46023 | E2: 46112 | J2: EN COURS | M2: TRIMESTRIEL | N2: 939389003 | O2: 6 RESIDENCE ATLANTA RUE DU COMMERCE | P2: MAMOUDZOU | Q2: 97600 | R2: 100000 | S2: 2 | T2: 4399C | U2: Voiries Réseaux Divers (VRD) | V2: 50 | W2: Platrerie – Staff – Stuc – Gypserie | X2: 10 | Y2: Peinture | Z2: 10 | AA2: Revetement de surfaces en materiaux souples et parquets flottants | AB2: 10 | AC2: Revetement de surfaces en materiaux durs - Chapes et sols coulés | AD2: 5 | AE2: Isolation thermique et acoustique | AF2: 5 | AG2: Plomberie | AH2: 5 | AI2: Electricite - Telecommunication | AJ2: 5
A3: 2518107500 | B3: 2025157RCDFID | C3: 46008 | D3: 46023 | E3: 46112 | J3: EN COURS | M3: TRIMESTRIEL | N3: 819625443 | O3: KANGANI, 8 LOTISSEMENT D'ACHERY | P3: KOUNGOU | Q3: 97600 | R3: 700000 | S3: 2 | T3: 2511Z | U3: Maconnerie et beton arme | V3: 20 | W3: Charpente et structure metallique | X3: 30 | Y3: Couverture | Z3: 25 | AA3: Bardage de facades | AB3: 25
A4: 2518107500 | B4: 2025154RCDFID | C4: 46013 | D4: 45992 | E4: 46022 | J4: SOUSCRIPTION | M4: MENSUELLE | N4: 980466643 | O4: 25 RESIDENCE SAVANNA | P4: SAINT-MARTIN | Q4: 97150 | R4: 85000 | S4: 1 | T4: 4332A | U4: Menuiseries interieures | V4: 30 | W4: Platrerie – Staff – Stuc – Gypserie | X4: 20 | Y4: Peinture | Z4: 10 | AA4: Revetement de surfaces en materiaux souples et parquets flottants | AB4: 10 | AC4: Revetement de surfaces en materiaux durs - Chapes et sols coulés | AD4: 30

Sheet PRIMES
A1: APPORTEUR | B1: IDENTIFIANT_POLICE | C1: NUMERO_AVENANT | D1: IDENTIFIANT_QUITTANCE | E1: DATE_EMISSION_QUITTANCE | F1: DATE_EFFET_QUITTANCE | G1: DATE_FIN_QUITTANCE | H1: DATE_ENCAISSEMENT | I1: STATUT_QUITTANCE | J1: GARANTIE | K1: PRIME_TTC | L1: PRIME_HT | M1: TAXES | N1: TAXES_POURCENTAGE | O1: COMMISSIONS | P1: MODE_PAIEMENT
A2: =PFT!A2 -> 2518107500 | B2: =PFT!B2 -> 2025146RCDFID | D2: Q2 | E2: =PFT!C2 -> 46015 | F2: =PFT!D2 -> 46023 | G2: =PFT!E2 -> 46112 | H2: =PFT!C2 -> 46015 | I2: ENCAISSE | J2: RC_RCD | K2: 1740 | L2: 1665 | M2: 75 | N2: =M2/L2 -> 0.045045045 | O2: =0.24*L2 -> 399.6 | P2: VIREMENT
A3: =PFT!A3 -> 2518107500 | B3: =PFT!B3 -> 2025157RCDFID | D3: =B3 -> 2025157RCDFID | E3: =PFT!C3 -> 46008 | F3: =PFT!D3 -> 46023 | G3: =PFT!E3 -> 46112 | H3: =PFT!C3 -> 46008 | I3: ENCAISSE | J3: RC_RCD | K3: 5368 | L3: 5137 | M3: 231 | N3: =M3/L3 -> 0.04496788 | O3: =0.24*L3 -> 1232.88 | P3: VIREMENT
A4: =PFT!A4 -> 2518107500 | B4: =PFT!B4 -> 2025154RCDFID | D4: =B4 -> 2025154RCDFID | E4: =PFT!C4 -> 46013 | F4: =PFT!D4 -> 45992 | G4: =PFT!E4 -> 46022 | H4: =PFT!C4 -> 46013 | I4: ENCAISSE | J4: RC_RCD | K4: 369 | L4: 351 | M4: 17.6 | N4: =M4/L4 -> 0.05014245 | O4: =0.24*L4 -> 84.24 | P4: VIREMENT
